{
    "loss": 0.20853057503700256,
    "accuracy": 0.9482758641242981
}